path,hash
C:\Glistas\New folder (2)\Telegram\Manzhanshaoji\20250815-110727.mp4,0x3f300ffe64c0700
C:\Glistas\New folder (2)\Telegram\Manzhanshaoji\20250815-122033.mp4,0xfb058bbdfffab7f8
C:\Glistas\New folder (2)\Telegram\Manzhanshaoji\4月14日(15).mp4,0x69587bfcf2003b3c
C:\Glistas\New folder (2)\Telegram\Manzhanshaoji\8月9日 (1)(22).mp4,0x9fff87ffc0ffff00
C:\Glistas\New folder (2)\Telegram\Manzhanshaoji\8月9日 (1)(25).mp4,0x2cd3fddf2dd09000
C:\Glistas\New folder (2)\Telegram\Manzhanshaoji\8月9日 (1)(27).mp4,0xffeaaaaa9aaaa0a0
C:\Glistas\New folder (2)\Telegram\Manzhanshaoji\VID_20250508_230919_654.mp4,0x84af6f600d47680
C:\Glistas\New folder (2)\Telegram\Manzhanshaoji\Main\8月8日(67).mp4,0x63f0c09fb3713b90
C:\Glistas\New folder (2)\Telegram\Manzhanshaoji\Main\8月8日(79).mp4,0x1254888acaaaa8b8
C:\Glistas\New folder (2)\Telegram\Manzhanshaoji\Main\video6339191623737414577.mp4,0x3f55aafaaaaa8080
C:\Glistas\New folder (2)\Telegram\Manzhanshaoji\Secondary\IMG_1138.MOV,0x949f6f6f680c000
C:\Glistas\New folder (2)\Telegram\Manzhanshaoji\Secondary\video6196999691951938801.mp4,0x94b9dcdc8cbccc00
C:\Glistas\New folder (2)\Telegram\Manzhanshaoji\Secondary\video6339191623737414579.mp4,0xfe68b6f600f6f600
